{
 "mdsDat": {
 "x": [ 0.27642, 0.0025821, -0.279 ],
"y": [ 0.15948, -0.31458, 0.1551 ],
"topics": [ 1, 2, 3 ],
"Freq": [ 34.429, 33.895, 31.676 ],
"cluster": [      1,      1,      1 ] 
},
"tinfo": {
 "Term": [ "示威者", "梁振英", "立法會", "佔領區", "催淚彈", "銅鑼灣", "佔領者", "委員會", "中學生", "禁制令", "基本法", "特區政府", "彌敦道", "行政長官", "年輕人", "周永康", "大學生", "戴耀廷", "rels", "習近平", "regenschirmbewegungsonnenschirmbewegungparaplyr", "召集人", "秘書長", "發言人", "人大常委會", "董建華", "黑社會", "聯合聲明", "發起人", "陳健民", "梁振英", "立法會", "委員會", "基本法", "特區政府", "行政長官", "習近平", "人大常委會", "董建華", "聯合聲明", "民建聯", "香港市民", "候選人", "ugl", "民主派", "曾鈺成", "彭定康", "政務司", "解放軍", "工聯會", "自由黨", "田北俊", "香港政府", "受訪者", "事實上", "全國政協", "領導人", "練乙錚", "人民日報", "中國政府", "佔領區", "禁制令", "年輕人", "周永康", "發言人", "發起人", "陳健民", "非暴力", "公務員", "參與者", "李國章", "下一代", "民主運動", "獅子山", "一個月", "其他人", "律政司", "教育局", "全世界", "執達吏", "通識科", "個人資料", "何韻詩", "成年人", "年青人", "黎汶洛", "梁麗幗", "星期日", "高等法院", "使用暴力", "催淚彈", "銅鑼灣", "彌敦道", "rels", "regenschirmbewegungsonnenschirmbewegungparaplyr", "黑社會", "曾偉雄", "sir", "記者會", "障礙物", "添美道", "拳打腳踢", "警務人員", "tvb", "請廣傳", "十字路口", "post", "新聞部", "ngc", "身份證", "上海街", "曾健超", "now", "nhs", "工作者", "新聞自由", "急救站", "手無寸鐵", "越來越", "ngvi", "民主黨", "劉淑儀", "中學生", "大學生", "召集人", "戴耀廷", "佔領者", "秘書長", "示威者", "一國兩制", "共產黨", "學生會", "任何人", "中央政府", "蘋果日報", "進一步", "當權者", "防暴警察", "岑敖暉", "支持者", "hkapplenextmediarealtimenew" ],
"logprob": [     30,     29,     28,     27,     26,     25,     24,     23,     22,     21,     20,     19,     18,     17,     16,     15,     14,     13,     12,     11,     10,      9,      8,      7,      6,      5,      4,      3,      2,      1, -3.0958, -3.2701, -4.1849, -4.2725, -4.5154, -4.531, -4.8804, -5.0153, -5.0353, -5.0528, -5.1981, -5.2398, -5.3019, -5.3642, -5.4135, -5.5063, -5.624, -5.6504, -5.6941, -5.7167, -5.7398, -5.7575, -5.7938, -5.8125, -5.838, -5.9185, -5.9468, -6.0292, -6.0854, -6.0937, -3.8567, -4.2339, -4.6087, -4.7359, -4.9969, -5.1207, -5.1434, -5.3673, -5.3839, -5.4758, -5.5276, -5.5422, -5.567, -5.572, -5.5771, -5.6291, -5.6562, -5.7127, -5.8297, -5.9328, -5.9328, -5.9848, -6.0002, -6.0158, -6.0892, -6.1325, -6.1414, -6.1594, -6.2154, -6.2348, -3.9816, -4.0926, -4.5084, -4.8611, -4.9684, -5.0376, -5.256, -5.2875, -5.2875, -5.3884, -5.4062, -5.4198, -5.5006, -5.7273, -5.7783, -5.7914, -5.8183, -5.8183, -5.8528, -5.8599, -5.9033, -5.9108, -5.9334, -5.9803, -6.0294, -6.0378, -6.0549, -6.0723,  -6.09, -6.0989, -5.461, -5.5488, -4.1899, -4.8179, -4.9661, -4.8155, -4.0864, -4.9524, -2.8824, -5.1041, -5.3429, -5.6562, -5.6617, -5.5832, -5.3036, -5.3763, -5.8103, -5.9411, -5.5324, -5.557, -5.7664 ],
"loglift": [     30,     29,     28,     27,     26,     25,     24,     23,     22,     21,     20,     19,     18,     17,     16,     15,     14,     13,     12,     11,     10,      9,      8,      7,      6,      5,      4,      3,      2,      1, 1.0662, 1.0662,  1.066,  1.066, 1.0659, 1.0659, 1.0658, 1.0657, 1.0657, 1.0657, 1.0656, 1.0656, 1.0655, 1.0655, 1.0654, 1.0654, 1.0652, 1.0652, 1.0652, 1.0651, 1.0651, 1.0651, 1.0651,  1.065,  1.065, 1.0649, 1.0648, 1.0647, 1.0646, 1.0646, 1.0817, 1.0816, 1.0815, 1.0815, 1.0813, 1.0813, 1.0813, 1.0811, 1.0811,  1.081,  1.081, 1.0809, 1.0809, 1.0809, 1.0809, 1.0808, 1.0808, 1.0808, 1.0806, 1.0805, 1.0805, 1.0804, 1.0804, 1.0804, 1.0802, 1.0802, 1.0801, 1.0801,   1.08,   1.08, 1.1494, 1.1494, 1.1492, 1.1491,  1.149,  1.149, 1.1488, 1.1488, 1.1488, 1.1487, 1.1487, 1.1487, 1.1486, 1.1483, 1.1483, 1.1483, 1.1482, 1.1482, 1.1482, 1.1482, 1.1481, 1.1481, 1.1481,  1.148, 1.1479, 1.1479, 1.1479, 1.1478, 1.1478, 1.1478,  1.061, 1.0605, 1.0791, 1.0791, 1.0786, 1.0768, 1.0694, 1.0706, 1.1459, 1.0473, 1.0692, 1.0754, 1.0754, 1.0553, 1.1284, 1.0453, 1.0744, 1.1403, 1.0524, 0.9912, 0.9496 ],
"Freq": [  20579,  18002,  15123,   8282,   6831,   6113,   6663,   6059,   5950,   5680,   5551,   4354,   4034,   4287,   3905,   3439,   3175,   3190,   2835,   3023,   2547,   2739,   2799,   2649,   2642,   2589,   2377,   2544,   2341,   2288,  18001,  15122,   6058, 5549.5,   4353, 4285.7, 3021.9, 2640.5, 2588.2, 2543.3, 2199.3, 2109.6, 1982.5, 1862.8, 1773.1,   1616, 1436.6, 1399.2, 1339.3, 1309.4, 1279.5, 1257.1, 1212.2, 1189.8, 1159.9, 1070.1, 1040.2, 957.95,  905.6, 898.12, 8280.7, 5678.6, 3903.8, 3437.6, 2647.9, 2339.6, 2286.9, 1828.2, 1798.1, 1640.2, 1557.5, 1534.9, 1497.3, 1489.8, 1482.3, 1407.1, 1369.5, 1294.3, 1151.4, 1038.6, 1038.6, 985.92, 970.88, 955.84, 888.15, 850.55, 843.03, 827.99, 782.87, 767.83, 6829.9, 6112.2, 4033.1, 2834.5, 2545.9, 2375.8, 1909.6, 1850.5, 1850.5, 1672.9, 1643.3, 1621.1, 1495.3,   1192, 1132.8,   1118, 1088.4, 1088.4, 1051.4,   1044, 999.58, 992.18, 969.99,  925.6,  881.2,  873.8, 859.01, 844.21, 829.41, 822.01, 1690.8, 1548.7, 5934.3, 3166.8, 2730.6, 3174.3, 6581.1, 2768.2,  20503, 2416.2, 1873.3, 1369.5, 1361.9, 1496.4, 1820.9, 1840.4, 1173.9, 962.59, 1549.9, 1512.3, 1226.6 ],
"Total": [  20579,  18002,  15123,   8282,   6831,   6113,   6663,   6059,   5950,   5680,   5551,   4354,   4034,   4287,   3905,   3439,   3175,   3190,   2835,   3023,   2547,   2739,   2799,   2649,   2642,   2589,   2377,   2544,   2341,   2288,  18002,  15123, 6059.5,   5551, 4354.5, 4287.2, 3023.4,   2642, 2589.7, 2544.8, 2200.8, 2111.1, 1983.9, 1864.3, 1774.6, 1617.5,   1438, 1400.7, 1340.8, 1310.9,   1281, 1258.6, 1213.7, 1191.3, 1161.4, 1071.6, 1041.7, 959.44, 907.09, 899.62, 8282.1, 5680.1, 3905.3,   3439, 2649.4, 2341.1, 2288.4, 1829.7, 1799.6, 1641.7,   1559, 1536.4, 1498.8, 1491.3, 1483.7, 1408.5, 1370.9, 1295.7, 1152.9,   1040,   1040, 987.41, 972.36, 957.32, 889.64, 852.04, 844.52, 829.48, 784.36, 769.32, 6831.4, 6113.7, 4034.6,   2836, 2547.4, 2377.3, 1911.1,   1852,   1852, 1674.4, 1644.8, 1622.6, 1496.8, 1193.5, 1134.3, 1119.5, 1089.9, 1089.9, 1052.9, 1045.5, 1001.1, 993.68, 971.49,  927.1,  882.7,  875.3, 860.51, 845.71, 830.91, 823.51, 1699.8, 1557.7, 5950.8, 3175.8, 2739.6, 3190.6, 6663.9, 2799.6,  20580, 2462.6, 1897.2, 1378.3, 1370.8, 1512.9, 1859.9, 1879.5, 1182.8, 971.61, 1596.3, 1655.9, 1400.1 ],
"Category": [ "Default", "Default", "Default", "Default", "Default", "Default", "Default", "Default", "Default", "Default", "Default", "Default", "Default", "Default", "Default", "Default", "Default", "Default", "Default", "Default", "Default", "Default", "Default", "Default", "Default", "Default", "Default", "Default", "Default", "Default", "Topic1", "Topic1", "Topic1", "Topic1", "Topic1", "Topic1", "Topic1", "Topic1", "Topic1", "Topic1", "Topic1", "Topic1", "Topic1", "Topic1", "Topic1", "Topic1", "Topic1", "Topic1", "Topic1", "Topic1", "Topic1", "Topic1", "Topic1", "Topic1", "Topic1", "Topic1", "Topic1", "Topic1", "Topic1", "Topic1", "Topic2", "Topic2", "Topic2", "Topic2", "Topic2", "Topic2", "Topic2", "Topic2", "Topic2", "Topic2", "Topic2", "Topic2", "Topic2", "Topic2", "Topic2", "Topic2", "Topic2", "Topic2", "Topic2", "Topic2", "Topic2", "Topic2", "Topic2", "Topic2", "Topic2", "Topic2", "Topic2", "Topic2", "Topic2", "Topic2", "Topic3", "Topic3", "Topic3", "Topic3", "Topic3", "Topic3", "Topic3", "Topic3", "Topic3", "Topic3", "Topic3", "Topic3", "Topic3", "Topic3", "Topic3", "Topic3", "Topic3", "Topic3", "Topic3", "Topic3", "Topic3", "Topic3", "Topic3", "Topic3", "Topic3", "Topic3", "Topic3", "Topic3", "Topic3", "Topic3", "Topic1", "Topic1", "Topic2", "Topic2", "Topic2", "Topic2", "Topic2", "Topic2", "Topic3", "Topic1", "Topic2", "Topic2", "Topic2", "Topic1", "Topic3", "Topic1", "Topic2", "Topic3", "Topic2", "Topic2", "Topic2" ] 
},